,AU01_r,AU02_r,AU04_r,AU05_r,AU06_r,AU07_r,AU09_r,AU10_r,AU12_r,AU14_r,AU15_r,AU17_r,AU20_r,AU23_r,AU25_r,AU26_r,AU45_r,label
0,0.07,0.0,0.22,0.26,1.06,1.42,0.61,0.91,1.48,0.3,0.0,0.0,0.7,0.07,0.35,0.0,0.57,fake
1,0.07,0.0,0.32,0.18,1.12,1.41,0.67,0.79,1.49,0.42,0.0,0.0,0.77,0.08,0.4,0.0,0.49,fake
2,0.05,0.0,0.31,0.18,1.18,1.35,0.58,0.77,1.55,0.58,0.0,0.0,0.8,0.11,0.28,0.0,0.39,fake
3,0.19,0.01,0.27,0.19,1.04,1.1,0.52,0.7,1.42,0.52,0.0,0.0,0.75,0.08,0.12,0.0,0.31,fake
4,0.39,0.01,0.24,0.19,0.79,0.87,0.43,0.64,1.22,0.31,0.0,0.0,0.66,0.06,0.0,0.0,0.27,fake
5,0.67,0.01,0.27,0.13,0.44,0.68,0.33,0.49,0.9,0.11,0.0,0.02,0.6,0.1,0.0,0.0,0.28,fake
6,0.91,0.04,0.3,0.07,0.25,0.68,0.18,0.44,0.66,0.05,0.0,0.1,0.53,0.21,0.0,0.03,0.25,fake
7,1.07,0.05,0.36,0.02,0.07,0.61,0.03,0.4,0.42,0.05,0.0,0.27,0.41,0.27,0.0,0.19,0.17,fake
8,1.01,0.06,0.36,0.0,0.09,0.47,0.09,0.64,0.37,0.0,0.02,0.35,0.53,0.17,0.18,0.48,0.07,fake
9,0.82,0.02,0.36,0.0,0.15,0.37,0.18,0.88,0.46,0.0,0.06,0.36,0.73,0.07,0.34,0.75,0.01,fake
10,0.66,0.01,0.3,0.0,0.37,0.55,0.3,1.14,0.66,0.0,0.06,0.27,0.94,0.0,0.53,0.58,0.03,fake
11,0.54,0.0,0.3,0.0,0.57,0.89,0.37,1.16,0.77,0.07,0.05,0.21,0.69,0.0,0.49,0.29,0.14,fake
12,0.36,0.0,0.28,0.0,0.82,1.13,0.48,1.18,0.96,0.21,0.0,0.16,0.46,0.0,0.44,0.0,0.27,fake
13,0.26,0.0,0.28,0.0,0.93,1.17,0.56,1.17,1.04,0.32,0.0,0.09,0.23,0.0,0.39,0.0,0.3,fake
14,0.15,0.0,0.24,0.0,0.97,1.16,0.59,1.12,1.12,0.44,0.0,0.1,0.24,0.0,0.35,0.0,0.21,fake
15,0.09,0.0,0.2,0.0,0.98,1.19,0.58,1.09,1.13,0.5,0.0,0.11,0.22,0.0,0.34,0.0,0.09,fake
16,0.0,0.0,0.15,0.0,0.95,1.09,0.47,1.04,1.15,0.51,0.0,0.18,0.22,0.05,0.27,0.0,0.03,fake
17,0.0,0.0,0.16,0.0,0.88,0.96,0.41,1.06,1.13,0.41,0.0,0.17,0.25,0.07,0.28,0.0,0.01,fake
18,0.0,0.0,0.18,0.0,0.75,0.8,0.32,1.03,1.0,0.23,0.0,0.12,0.21,0.07,0.21,0.0,0.0,fake
19,0.03,0.0,0.2,0.0,0.6,0.75,0.34,0.99,0.84,0.12,0.0,0.11,0.19,0.05,0.15,0.0,0.0,fake
20,0.06,0.0,0.2,0.0,0.5,0.75,0.33,0.9,0.7,0.07,0.0,0.15,0.15,0.06,0.04,0.0,0.0,fake
21,0.09,0.0,0.17,0.0,0.41,0.68,0.28,0.91,0.64,0.05,0.0,0.16,0.12,0.06,0.0,0.0,0.0,fake
22,0.07,0.0,0.16,0.0,0.39,0.59,0.21,0.94,0.59,0.04,0.0,0.09,0.07,0.03,0.01,0.0,0.0,fake
23,0.04,0.0,0.14,0.0,0.32,0.51,0.13,0.96,0.56,0.0,0.0,0.04,0.0,0.0,0.09,0.0,0.0,fake
24,0.01,0.0,0.11,0.0,0.32,0.49,0.13,0.97,0.54,0.0,0.0,0.07,0.0,0.0,0.12,0.0,0.0,fake
25,0.0,0.0,0.09,0.0,0.3,0.48,0.14,0.96,0.53,0.0,0.0,0.1,0.0,0.0,0.12,0.0,0.0,fake
26,0.0,0.0,0.15,0.0,0.37,0.48,0.16,1.01,0.55,0.0,0.0,0.16,0.01,0.0,0.3,0.11,0.0,fake
27,0.0,0.0,0.23,0.0,0.5,0.55,0.2,1.06,0.7,0.09,0.0,0.26,0.07,0.0,0.46,0.11,0.0,fake
28,0.0,0.0,0.27,0.0,0.68,0.74,0.23,0.99,0.86,0.19,0.0,0.27,0.18,0.02,0.58,0.11,0.0,fake
29,0.0,0.0,0.24,0.0,0.81,0.85,0.23,0.86,1.01,0.26,0.0,0.24,0.28,0.02,0.45,0.0,0.0,fake
30,0.0,0.0,0.18,0.0,0.87,0.91,0.2,0.82,1.06,0.24,0.0,0.19,0.33,0.04,0.36,0.0,0.0,fake
31,0.0,0.0,0.17,0.0,0.87,0.85,0.16,0.89,1.06,0.25,0.0,0.23,0.37,0.07,0.51,0.09,0.0,fake
32,0.0,0.0,0.2,0.0,0.81,0.7,0.16,0.94,1.03,0.3,0.01,0.23,0.39,0.08,0.61,0.17,0.0,fake
33,0.0,0.0,0.25,0.0,0.72,0.6,0.18,0.89,0.97,0.35,0.03,0.19,0.4,0.08,0.73,0.24,0.0,fake
34,0.0,0.0,0.27,0.0,0.66,0.52,0.18,0.85,0.95,0.38,0.04,0.16,0.38,0.05,0.67,0.24,0.0,fake
35,0.0,0.0,0.24,0.0,0.63,0.42,0.15,0.76,0.9,0.39,0.06,0.16,0.32,0.06,0.66,0.24,0.0,fake
36,0.0,0.0,0.18,0.0,0.59,0.41,0.13,0.59,0.84,0.39,0.04,0.2,0.27,0.13,0.52,0.19,0.0,fake
37,0.0,0.0,0.16,0.0,0.58,0.37,0.13,0.51,0.78,0.42,0.04,0.22,0.27,0.17,0.49,0.21,0.0,fake
38,0.0,0.0,0.17,0.0,0.58,0.45,0.12,0.51,0.78,0.43,0.02,0.21,0.3,0.19,0.46,0.32,0.0,fake
39,0.0,0.0,0.22,0.0,0.6,0.44,0.14,0.58,0.81,0.44,0.03,0.18,0.31,0.15,0.59,0.46,0.0,fake
40,0.0,0.0,0.25,0.0,0.58,0.48,0.15,0.54,0.81,0.36,0.02,0.15,0.29,0.15,0.55,0.46,0.0,fake
41,0.0,0.0,0.25,0.0,0.58,0.48,0.19,0.52,0.81,0.34,0.02,0.16,0.25,0.16,0.51,0.4,0.0,fake
42,0.0,0.0,0.25,0.0,0.54,0.48,0.18,0.54,0.79,0.33,0.0,0.16,0.19,0.1,0.36,0.23,0.02,fake
43,0.0,0.0,0.26,0.0,0.51,0.46,0.17,0.55,0.76,0.35,0.0,0.15,0.09,0.05,0.31,0.12,0.03,fake
44,0.0,0.0,0.28,0.0,0.45,0.47,0.13,0.61,0.68,0.26,0.0,0.14,0.06,0.0,0.2,0.0,0.13,fake
45,0.0,0.0,0.28,0.0,0.34,0.44,0.09,0.61,0.55,0.14,0.0,0.17,0.04,0.06,0.15,0.05,0.21,fake
46,0.12,0.0,0.36,0.0,0.17,0.37,0.04,0.5,0.35,0.03,0.0,0.29,0.04,0.27,0.05,0.26,0.31,fake
47,0.2,0.0,0.44,0.0,0.04,0.4,0.0,0.35,0.18,0.0,0.01,0.41,0.0,0.48,0.0,0.74,0.32,fake
48,0.27,0.0,0.6,0.0,0.0,0.39,0.0,0.37,0.14,0.0,0.01,0.54,0.0,0.42,0.27,1.46,0.43,fake
49,0.2,0.0,0.64,0.0,0.0,0.46,0.0,0.51,0.2,0.0,0.01,0.6,0.0,0.21,0.55,2.05,0.6,fake
50,0.12,0.0,0.64,0.0,0.06,0.44,0.0,0.69,0.35,0.0,0.0,0.62,0.0,0.0,0.97,2.34,0.76,fake
51,0.05,0.0,0.61,0.0,0.17,0.43,0.0,0.77,0.51,0.0,0.0,0.6,0.07,0.0,1.16,2.14,0.86,fake
52,0.0,0.0,0.59,0.0,0.3,0.41,0.0,0.81,0.63,0.08,0.04,0.59,0.18,0.0,1.31,1.89,0.87,fake
53,0.0,0.0,0.6,0.0,0.36,0.37,0.0,0.79,0.71,0.09,0.12,0.61,0.29,0.01,1.29,1.62,0.88,fake
54,0.0,0.0,0.58,0.0,0.34,0.27,0.0,0.69,0.66,0.12,0.2,0.55,0.25,0.03,1.2,1.53,0.84,fake
55,0.0,0.0,0.57,0.0,0.33,0.24,0.0,0.61,0.68,0.1,0.22,0.43,0.23,0.03,1.1,1.34,0.8,fake
56,0.0,0.0,0.5,0.0,0.31,0.31,0.01,0.54,0.66,0.14,0.21,0.27,0.18,0.03,0.96,1.19,0.73,fake
57,0.0,0.0,0.47,0.0,0.32,0.35,0.01,0.52,0.71,0.16,0.2,0.16,0.2,0.0,0.9,0.98,0.72,fake
58,0.0,0.0,0.44,0.0,0.28,0.33,0.01,0.48,0.68,0.14,0.2,0.09,0.14,0.0,0.88,0.92,0.68,fake
59,0.0,0.0,0.46,0.0,0.27,0.3,0.0,0.49,0.67,0.16,0.18,0.07,0.08,0.0,0.93,0.86,0.67,fake
60,0.0,0.0,0.49,0.0,0.27,0.38,0.0,0.49,0.63,0.15,0.16,0.04,0.03,0.0,0.92,0.82,0.57,fake
61,0.0,0.0,0.47,0.0,0.3,0.38,0.0,0.48,0.64,0.14,0.12,0.07,0.0,0.0,0.89,0.77,0.42,fake
62,0.0,0.0,0.43,0.0,0.32,0.45,0.0,0.45,0.66,0.09,0.07,0.1,0.01,0.0,0.81,0.69,0.28,fake
63,0.0,0.0,0.31,0.0,0.31,0.35,0.0,0.36,0.67,0.11,0.02,0.13,0.08,0.01,0.75,0.58,0.14,fake
64,0.0,0.0,0.23,0.0,0.31,0.32,0.0,0.3,0.68,0.12,0.0,0.12,0.17,0.02,0.7,0.5,0.09,fake
65,0.0,0.0,0.19,0.0,0.3,0.3,0.0,0.24,0.69,0.11,0.0,0.16,0.28,0.06,0.59,0.35,0.06,fake
66,0.0,0.0,0.23,0.0,0.29,0.37,0.0,0.35,0.67,0.05,0.0,0.17,0.22,0.09,0.52,0.34,0.04,fake
67,0.0,0.0,0.29,0.0,0.24,0.53,0.0,0.46,0.55,0.01,0.0,0.19,0.13,0.1,0.41,0.31,0.14,fake
68,0.0,0.0,0.33,0.0,0.17,0.61,0.0,0.54,0.43,0.0,0.0,0.13,0.0,0.06,0.41,0.36,0.2,fake
69,0.02,0.0,0.42,0.0,0.08,0.76,0.0,0.54,0.27,0.0,0.01,0.14,0.0,0.02,0.34,0.56,0.19,fake
70,0.04,0.0,0.46,0.0,0.04,0.68,0.0,0.5,0.16,0.0,0.01,0.2,0.0,0.01,0.21,0.62,0.12,fake
71,0.11,0.0,0.49,0.0,0.0,0.43,0.0,0.38,0.07,0.0,0.08,0.32,0.0,0.01,0.09,0.65,0.03,fake
72,0.09,0.0,0.38,0.0,0.0,0.35,0.0,0.19,0.03,0.0,0.14,0.44,0.02,0.01,0.0,0.34,0.09,fake
73,0.08,0.0,0.35,0.0,0.0,0.39,0.0,0.07,0.07,0.0,0.18,0.39,0.02,0.01,0.0,0.16,0.26,fake
74,0.0,0.0,0.34,0.0,0.0,0.51,0.0,0.07,0.08,0.0,0.14,0.34,0.02,0.0,0.0,0.02,0.42,fake
75,0.0,0.0,0.29,0.02,0.0,0.31,0.0,0.08,0.19,0.0,0.06,0.17,0.08,0.0,0.15,0.29,0.65,fake
76,0.13,0.0,0.22,0.19,0.0,0.14,0.0,0.22,0.51,0.0,0.17,0.09,0.18,0.0,0.36,0.66,0.98,fake
77,0.13,0.0,0.13,0.26,0.06,0.0,0.0,0.28,0.86,0.11,0.33,0.0,0.29,0.0,0.89,1.24,1.37,fake
78,0.13,0.0,0.11,0.24,0.18,0.1,0.0,0.43,1.16,0.25,0.5,0.0,0.33,0.05,1.08,1.49,1.46,fake
79,0.0,0.0,0.07,0.07,0.3,0.18,0.0,0.43,1.22,0.41,0.54,0.0,0.35,0.09,1.21,1.59,1.3,fake
80,0.0,0.0,0.06,0.0,0.37,0.27,0.0,0.5,1.24,0.45,0.55,0.0,0.4,0.13,1.0,1.5,1.1,fake
81,0.0,0.0,0.09,0.0,0.25,0.3,0.0,0.34,0.82,0.31,0.38,0.0,0.35,0.12,0.65,1.52,0.86,fake
82,0.0,0.0,0.09,0.0,0.13,0.26,0.0,0.17,0.41,0.15,0.19,0.19,0.24,0.08,0.32,1.09,0.57,fake
83,0.0,0.0,0.06,0.0,0.0,0.18,0.0,0.0,0.0,0.0,0.0,0.4,0.08,0.15,0.0,0.68,0.22,fake
84,0.0,0.0,0.01,0.0,0.0,0.04,0.0,0.0,0.0,0.0,0.0,0.58,0.0,0.1,0.0,0.2,0.08,fake
85,0.0,0.0,0.0,0.0,0.0,0.0,0.0,0.0,0.05,0.0,0.07,0.56,0.0,0.1,0.0,0.3,0.0,fake
86,0.0,0.0,0.0,0.0,0.0,0.0,0.03,0.02,0.1,0.12,0.07,0.54,0.0,0.0,0.01,0.34,0.0,fake
87,0.0,0.0,0.04,0.0,0.0,0.05,0.07,0.25,0.19,0.22,0.07,0.57,0.0,0.0,0.18,0.59,0.0,fake
88,0.0,0.0,0.08,0.0,0.01,0.1,0.15,0.52,0.25,0.29,0.07,0.77,0.0,0.0,0.51,1.05,0.0,fake
89,0.0,0.0,0.13,0.0,0.02,0.1,0.21,0.77,0.28,0.25,0.13,0.96,0.0,0.0,0.83,1.57,0.0,fake
90,0.0,0.0,0.15,0.0,0.09,0.05,0.25,0.85,0.32,0.2,0.13,1.08,0.0,0.0,0.97,1.91,0.0,fake
91,0.0,0.0,0.12,0.0,0.13,0.0,0.18,0.74,0.38,0.18,0.06,0.88,0.0,0.0,0.83,1.75,0.0,fake
92,0.0,0.0,0.08,0.0,0.17,0.02,0.09,0.66,0.45,0.1,0.0,0.68,0.0,0.0,0.68,1.62,0.0,fake
93,0.0,0.0,0.06,0.0,0.3,0.17,0.15,0.54,0.52,0.15,0.0,0.45,0.0,0.0,0.37,1.06,0.17,fake
94,0.0,0.0,0.15,0.0,0.36,0.21,0.19,0.51,0.56,0.16,0.05,0.28,0.0,0.0,0.18,0.64,0.28,fake
95,0.0,0.0,0.28,0.0,0.34,0.22,0.22,0.63,0.61,0.16,0.17,0.22,0.0,0.0,0.27,0.62,0.64,fake
96,0.0,0.0,0.48,0.0,0.15,0.06,0.14,0.84,0.53,0.06,0.35,0.38,0.0,0.0,0.76,1.29,0.81,fake
97,0.0,0.0,0.56,0.0,0.05,0.03,0.09,1.09,0.46,0.0,0.43,0.49,0.0,0.0,1.17,1.68,1.05,fake
98,0.0,0.0,0.59,0.0,0.01,0.0,0.06,1.13,0.4,0.0,0.46,0.49,0.0,0.0,1.33,1.67,1.07,fake
99,0.0,0.0,0.39,0.0,0.01,0.0,0.01,1.09,0.45,0.0,0.29,0.23,0.0,0.0,1.14,1.04,1.23,fake
100,0.0,0.0,0.25,0.0,0.0,0.0,0.01,1.01,0.46,0.0,0.15,0.12,0.0,0.0,1.0,0.6,1.41,fake
101,0.0,0.0,0.15,0.0,0.0,0.0,0.01,0.97,0.45,0.0,0.04,0.0,0.0,0.0,0.78,0.13,1.53,fake
102,0.0,0.0,0.09,0.06,0.0,0.0,0.01,0.68,0.27,0.0,0.04,0.04,0.0,0.0,0.48,0.0,1.64,fake
103,0.0,0.0,0.07,0.06,0.0,0.0,0.01,0.38,0.12,0.0,0.04,0.07,0.0,0.04,0.21,0.0,1.66,fake
104,0.0,0.0,0.0,0.06,0.0,0.0,0.0,0.07,0.0,0.0,0.0,0.09,0.0,0.13,0.0,0.0,1.72,fake
105,0.0,0.0,0.01,0.0,0.0,0.0,0.0,0.0,0.0,0.0,0.0,0.13,0.0,0.2,0.0,0.09,1.64,fake
106,0.03,0.0,0.1,0.02,0.0,0.0,0.0,0.01,0.0,0.0,0.0,0.17,0.0,0.15,0.0,0.26,1.61,fake
107,0.06,0.0,0.19,0.02,0.0,0.0,0.0,0.01,0.0,0.0,0.0,0.25,0.0,0.07,0.0,0.45,1.66,fake
108,0.06,0.0,0.22,0.05,0.0,0.0,0.0,0.05,0.01,0.0,0.0,0.26,0.0,0.0,0.0,0.53,1.75,fake
109,0.06,0.0,0.21,0.03,0.0,0.0,0.0,0.16,0.09,0.0,0.0,0.19,0.0,0.0,0.07,0.37,1.75,fake
110,0.02,0.0,0.2,0.03,0.0,0.0,0.0,0.4,0.22,0.0,0.04,0.09,0.0,0.0,0.25,0.18,1.58,fake
111,0.02,0.0,0.28,0.0,0.0,0.0,0.0,0.71,0.33,0.0,0.12,0.05,0.0,0.0,0.59,0.18,1.13,fake
112,0.0,0.0,0.25,0.0,0.06,0.0,0.0,0.94,0.39,0.0,0.21,0.11,0.02,0.0,0.89,0.34,0.6,fake
113,0.0,0.0,0.23,0.0,0.12,0.0,0.0,1.03,0.4,0.0,0.27,0.15,0.04,0.0,1.04,0.47,0.16,fake
114,0.0,0.0,0.11,0.0,0.16,0.0,0.0,0.98,0.39,0.0,0.27,0.1,0.07,0.0,0.95,0.29,0.0,fake
115,0.0,0.0,0.06,0.0,0.11,0.0,0.0,0.93,0.34,0.0,0.27,0.14,0.05,0.0,0.73,0.13,0.0,fake
116,0.0,0.0,0.0,0.0,0.04,0.0,0.0,0.88,0.3,0.0,0.23,0.24,0.03,0.04,0.4,0.0,0.0,fake
117,0.01,0.08,0.0,0.0,0.0,0.0,0.0,0.83,0.22,0.0,0.15,0.32,0.0,0.11,0.14,0.0,0.0,fake
118,0.02,0.14,0.0,0.0,0.0,0.0,0.0,0.82,0.19,0.0,0.06,0.33,0.0,0.2,0.0,0.0,0.0,fake
119,0.06,0.25,0.01,0.04,0.0,0.0,0.0,0.85,0.15,0.0,0.06,0.31,0.0,0.23,0.14,0.07,0.0,fake
120,0.05,0.17,0.01,0.04,0.0,0.0,0.0,0.94,0.17,0.0,0.13,0.26,0.0,0.15,0.39,0.19,0.0,fake
121,0.11,0.11,0.01,0.04,0.0,0.0,0.0,1.07,0.26,0.0,0.19,0.27,0.0,0.07,0.71,0.36,0.0,fake
122,0.12,0.0,0.01,0.0,0.01,0.0,0.04,1.17,0.36,0.0,0.13,0.22,0.05,0.0,0.91,0.49,0.0,fake
123,0.14,0.0,0.01,0.0,0.02,0.0,0.07,1.23,0.45,0.0,0.06,0.26,0.07,0.0,1.01,0.59,0.0,fake
124,0.11,0.0,0.05,0.0,0.02,0.0,0.09,1.23,0.41,0.0,0.06,0.19,0.08,0.0,1.1,0.76,0.0,fake
125,0.1,0.0,0.09,0.0,0.01,0.0,0.08,1.16,0.36,0.0,0.12,0.14,0.03,0.0,1.17,0.85,0.0,fake
126,0.2,0.0,0.1,0.0,0.0,0.0,0.1,1.14,0.29,0.0,0.12,0.09,0.01,0.0,1.1,0.98,0.0,fake
127,0.29,0.0,0.08,0.0,0.0,0.0,0.08,1.07,0.3,0.0,0.08,0.04,0.03,0.0,1.03,0.84,0.0,fake
128,0.4,0.0,0.03,0.0,0.0,0.0,0.06,1.04,0.32,0.0,0.02,0.02,0.08,0.0,0.92,0.76,0.0,fake
129,0.45,0.1,0.1,0.0,0.04,0.0,0.01,0.94,0.4,0.0,0.02,0.0,0.18,0.0,0.93,0.49,0.0,fake
130,0.46,0.1,0.19,0.0,0.09,0.0,0.04,0.9,0.37,0.0,0.0,0.06,0.17,0.0,0.89,0.42,0.0,fake
131,0.51,0.11,0.24,0.0,0.09,0.0,0.06,0.86,0.28,0.0,0.0,0.21,0.13,0.0,0.77,0.51,0.0,fake
132,0.56,0.03,0.24,0.0,0.05,0.0,0.06,0.84,0.14,0.0,0.0,0.32,0.03,0.0,0.65,0.79,0.0,fake
133,0.64,0.06,0.28,0.0,0.0,0.0,0.04,0.79,0.06,0.0,0.0,0.39,0.0,0.0,0.48,1.02,0.0,fake
134,0.67,0.06,0.39,0.0,0.0,0.0,0.02,0.69,0.05,0.0,0.0,0.4,0.0,0.0,0.38,1.07,0.0,fake
135,0.66,0.04,0.41,0.0,0.0,0.0,0.01,0.6,0.03,0.0,0.0,0.42,0.0,0.0,0.34,1.11,0.0,fake
136,0.62,0.01,0.29,0.0,0.0,0.0,0.0,0.48,0.04,0.0,0.0,0.45,0.0,0.0,0.33,1.05,0.0,fake
137,0.55,0.0,0.14,0.0,0.0,0.0,0.0,0.43,0.05,0.0,0.0,0.43,0.0,0.0,0.37,1.03,0.0,fake
138,0.5,0.08,0.09,0.0,0.0,0.0,0.01,0.39,0.09,0.0,0.0,0.4,0.0,0.0,0.41,0.75,0.0,fake
139,0.41,0.08,0.06,0.0,0.0,0.0,0.07,0.44,0.16,0.0,0.0,0.32,0.0,0.0,0.54,0.56,0.0,fake
140,0.31,0.08,0.03,0.0,0.02,0.0,0.07,0.49,0.24,0.0,0.0,0.19,0.0,0.0,0.66,0.23,0.0,fake
141,0.17,0.0,0.0,0.0,0.02,0.0,0.06,0.55,0.28,0.0,0.02,0.07,0.0,0.03,0.7,0.12,0.0,fake
142,0.13,0.0,0.0,0.0,0.02,0.0,0.0,0.49,0.28,0.0,0.02,0.0,0.0,0.16,0.46,0.12,0.0,fake
143,0.07,0.0,0.06,0.0,0.01,0.0,0.0,0.49,0.26,0.0,0.02,0.02,0.0,0.25,0.22,0.19,0.0,fake
144,0.05,0.0,0.07,0.0,0.0,0.0,0.0,0.31,0.17,0.0,0.0,0.09,0.0,0.55,0.0,0.3,0.0,fake
145,0.0,0.0,0.1,0.0,0.0,0.0,0.0,0.2,0.09,0.0,0.0,0.15,0.0,0.82,0.0,0.48,0.0,fake
146,0.0,0.0,0.16,0.0,0.0,0.0,0.0,0.17,0.06,0.0,0.0,0.17,0.0,0.88,0.23,0.99,0.0,fake
147,0.0,0.0,0.22,0.0,0.04,0.0,0.0,0.4,0.21,0.0,0.0,0.09,0.09,0.6,0.65,1.25,0.01,fake
148,0.0,0.0,0.25,0.0,0.09,0.0,0.0,0.64,0.35,0.0,0.07,0.04,0.09,0.2,1.04,1.28,0.01,fake
149,0.0,0.0,0.13,0.0,0.15,0.0,0.0,0.61,0.45,0.0,0.07,0.0,0.09,0.05,1.12,0.7,0.01,fake
150,0.0,0.0,0.08,0.0,0.19,0.0,0.0,0.49,0.42,0.08,0.07,0.0,0.07,0.04,0.81,0.33,0.0,fake
151,0.0,0.0,0.04,0.0,0.18,0.0,0.0,0.33,0.41,0.11,0.0,0.0,0.11,0.09,0.58,0.01,0.0,fake
152,0.0,0.0,0.06,0.0,0.16,0.0,0.0,0.31,0.38,0.12,0.0,0.0,0.11,0.12,0.41,0.0,0.0,fake
153,0.0,0.0,0.09,0.0,0.14,0.0,0.01,0.25,0.33,0.07,0.06,0.0,0.04,0.11,0.39,0.0,0.0,fake
154,0.0,0.0,0.11,0.0,0.15,0.05,0.04,0.15,0.36,0.06,0.12,0.0,0.09,0.06,0.42,0.0,0.0,fake
155,0.0,0.0,0.14,0.0,0.18,0.16,0.12,0.06,0.37,0.04,0.12,0.0,0.18,0.03,0.4,0.0,0.09,fake
156,0.87,0.36,0.1,0.04,0.12,0.16,0.11,0.01,0.28,0.01,0.06,0.08,0.19,0.0,0.3,0.02,0.09,fake
157,1.65,0.78,0.05,0.1,0.07,0.11,0.08,0.01,0.13,0.0,0.0,0.13,0.1,0.0,0.11,0.17,0.09,fake
158,2.25,1.13,0.0,0.26,0.0,0.0,0.0,0.3,0.09,0.0,0.02,0.26,0.02,0.0,0.16,0.17,0.0,fake
159,1.98,1.11,0.0,0.37,0.0,0.0,0.0,0.56,0.17,0.0,0.03,0.29,0.0,0.0,0.33,0.15,0.0,fake
160,1.73,0.97,0.0,0.33,0.09,0.0,0.0,0.78,0.44,0.0,0.03,0.23,0.0,0.0,0.43,0.0,0.0,fake
161,1.63,0.9,0.0,0.18,0.18,0.0,0.0,0.68,0.62,0.0,0.06,0.11,0.0,0.0,0.37,0.0,0.0,fake
162,1.45,0.72,0.0,0.03,0.28,0.0,0.0,0.84,0.8,0.2,0.14,0.16,0.0,0.0,0.49,0.16,0.0,fake
163,1.39,0.67,0.0,0.01,0.31,0.0,0.0,1.07,0.79,0.41,0.23,0.31,0.0,0.0,0.7,0.34,0.0,fake
164,1.36,0.63,0.0,0.0,0.33,0.0,0.0,1.21,0.82,0.5,0.18,0.4,0.0,0.0,0.84,0.35,0.0,fake
165,1.44,0.71,0.0,0.0,0.33,0.0,0.0,1.11,0.83,0.4,0.09,0.31,0.0,0.0,0.77,0.19,0.0,fake
166,1.47,0.81,0.0,0.0,0.31,0.0,0.01,1.03,0.79,0.19,0.0,0.2,0.0,0.0,0.66,0.01,0.0,fake
167,1.54,0.95,0.0,0.0,0.2,0.0,0.06,1.04,0.63,0.1,0.0,0.22,0.0,0.0,0.65,0.0,0.0,fake
168,1.55,0.95,0.0,0.0,0.11,0.0,0.17,1.05,0.47,0.0,0.0,0.34,0.0,0.0,0.59,0.0,0.0,fake
169,1.5,0.82,0.0,0.0,0.05,0.0,0.25,1.05,0.35,0.0,0.0,0.48,0.0,0.0,0.51,0.0,0.0,fake
170,1.42,0.66,0.0,0.03,0.05,0.0,0.27,1.06,0.32,0.0,0.0,0.55,0.0,0.0,0.45,0.0,0.0,fake
171,1.4,0.65,0.0,0.03,0.03,0.0,0.23,1.1,0.31,0.0,0.0,0.49,0.0,0.0,0.45,0.0,0.0,fake
172,1.47,0.72,0.0,0.03,0.0,0.0,0.23,1.14,0.32,0.0,0.0,0.44,0.0,0.0,0.52,0.0,0.0,fake
173,1.63,0.63,0.0,0.28,0.0,0.0,0.2,1.19,0.38,0.0,0.0,0.42,0.0,0.0,0.68,0.36,0.26,fake
174,1.72,0.47,0.0,0.55,0.0,0.0,0.15,1.25,0.44,0.0,0.0,0.44,0.0,0.0,0.82,0.67,0.52,fake
175,1.77,0.4,0.0,0.61,0.0,0.0,0.1,1.13,0.43,0.0,0.0,0.39,0.0,0.0,0.87,0.96,0.72,fake
176,1.73,0.52,0.0,0.41,0.0,0.0,0.1,1.02,0.37,0.0,0.0,0.31,0.0,0.0,0.83,0.91,0.7,fake
177,1.6,0.66,0.0,0.14,0.0,0.0,0.1,0.84,0.24,0.0,0.0,0.17,0.0,0.0,0.73,0.72,0.54,fake
178,1.4,0.62,0.0,0.08,0.0,0.0,0.08,0.79,0.19,0.0,0.0,0.16,0.0,0.0,0.58,0.47,0.44,fake
179,1.09,0.45,0.0,0.0,0.0,0.0,0.04,0.62,0.14,0.0,0.0,0.2,0.0,0.0,0.32,0.16,0.2,fake
180,0.88,0.26,0.02,0.0,0.03,0.0,0.0,0.53,0.17,0.0,0.0,0.26,0.0,0.0,0.2,0.05,0.1,fake
181,0.78,0.14,0.04,0.0,0.06,0.0,0.0,0.49,0.2,0.0,0.0,0.22,0.0,0.0,0.21,0.0,0.0,fake
182,0.77,0.09,0.06,0.0,0.09,0.0,0.0,0.58,0.21,0.0,0.0,0.14,0.0,0.0,0.31,0.0,0.0,fake
183,0.72,0.07,0.05,0.0,0.09,0.0,0.0,0.61,0.24,0.0,0.0,0.12,0.0,0.0,0.37,0.07,0.0,fake
184,0.65,0.04,0.06,0.0,0.11,0.0,0.0,0.63,0.29,0.0,0.0,0.14,0.0,0.0,0.4,0.11,0.0,fake
185,0.49,0.01,0.08,0.0,0.08,0.0,0.0,0.62,0.33,0.0,0.0,0.19,0.0,0.0,0.35,0.11,0.0,fake
186,0.4,0.0,0.09,0.0,0.08,0.0,0.0,0.6,0.35,0.0,0.02,0.23,0.0,0.0,0.27,0.04,0.0,fake
187,0.28,0.0,0.09,0.0,0.05,0.0,0.0,0.57,0.33,0.0,0.02,0.27,0.0,0.0,0.18,0.0,0.0,fake
188,0.23,0.0,0.08,0.0,0.06,0.0,0.0,0.57,0.33,0.0,0.02,0.26,0.0,0.0,0.13,0.0,0.0,fake
189,0.25,0.0,0.11,0.0,0.07,0.0,0.0,0.56,0.31,0.0,0.03,0.3,0.0,0.0,0.1,0.0,0.0,fake
190,0.28,0.0,0.21,0.0,0.07,0.0,0.0,0.59,0.3,0.0,0.03,0.25,0.0,0.0,0.18,0.02,0.0,fake
191,0.29,0.0,0.29,0.0,0.06,0.0,0.0,0.63,0.28,0.0,0.09,0.25,0.01,0.0,0.27,0.08,0.0,fake
192,0.28,0.0,0.31,0.01,0.03,0.0,0.0,0.67,0.31,0.0,0.08,0.13,0.03,0.0,0.31,0.08,0.35,fake
193,0.39,0.0,0.18,0.16,0.01,0.0,0.0,0.63,0.35,0.0,0.09,0.09,0.03,0.0,0.35,0.06,0.71,fake
194,0.53,0.0,0.09,0.31,0.0,0.0,0.0,0.57,0.39,0.0,0.07,0.0,0.02,0.0,0.41,0.0,1.08,fake
195,0.51,0.0,0.06,0.3,0.0,0.0,0.0,0.55,0.4,0.0,0.09,0.0,0.0,0.0,0.54,0.14,1.11,fake
196,0.34,0.0,0.17,0.15,0.01,0.0,0.0,0.67,0.36,0.0,0.15,0.01,0.0,0.0,0.61,0.31,0.96,fake
197,0.14,0.0,0.28,0.0,0.01,0.0,0.0,0.78,0.34,0.0,0.22,0.01,0.0,0.0,0.68,0.5,0.82,fake
198,0.11,0.0,0.31,0.0,0.02,0.0,0.0,0.85,0.31,0.0,0.28,0.05,0.0,0.0,0.72,0.68,0.51,fake
199,0.33,0.08,0.32,0.0,0.02,0.0,0.0,0.77,0.32,0.0,0.3,0.09,0.0,0.0,0.76,0.81,0.36,fake
200,0.7,0.29,0.25,0.0,0.01,0.0,0.0,0.68,0.33,0.0,0.4,0.11,0.0,0.0,0.91,1.07,0.13,fake
201,1.04,0.49,0.2,0.0,0.0,0.0,0.0,0.61,0.34,0.0,0.5,0.13,0.0,0.0,1.04,1.2,0.08,fake
202,1.24,0.67,0.11,0.0,0.0,0.0,0.0,0.62,0.33,0.0,0.53,0.14,0.0,0.0,1.15,1.38,0.02,fake
203,1.24,0.75,0.07,0.0,0.0,0.0,0.0,0.61,0.31,0.0,0.56,0.16,0.0,0.0,1.14,1.44,0.02,fake
204,1.39,0.97,0.05,0.0,0.0,0.0,0.0,0.59,0.28,0.0,0.59,0.17,0.0,0.0,1.12,1.46,0.0,fake
205,1.54,1.2,0.02,0.0,0.0,0.0,0.0,0.63,0.31,0.0,0.63,0.16,0.0,0.0,1.11,1.45,0.0,fake
206,1.75,1.27,0.04,0.0,0.0,0.0,0.0,0.72,0.38,0.0,0.62,0.19,0.0,0.0,1.13,1.5,0.0,fake
207,1.83,1.19,0.03,0.0,0.0,0.0,0.0,0.82,0.46,0.0,0.61,0.23,0.0,0.0,1.17,1.58,0.0,fake
208,1.98,1.32,0.03,0.02,0.07,0.0,0.0,0.69,0.63,0.05,0.57,0.24,0.04,0.0,1.13,1.49,0.0,fake
209,2.21,1.59,0.02,0.02,0.16,0.0,0.0,0.48,0.85,0.17,0.4,0.16,0.08,0.0,0.9,1.05,0.0,fake
210,2.45,1.89,0.0,0.08,0.26,0.0,0.0,0.26,1.07,0.27,0.19,0.06,0.13,0.0,0.65,0.62,0.0,fake
211,2.58,1.96,0.0,0.08,0.26,0.0,0.0,0.23,1.13,0.22,0.08,0.0,0.09,0.0,0.53,0.22,0.11,fake
212,2.78,2.13,0.0,0.24,0.17,0.0,0.0,0.29,0.96,0.1,0.05,0.0,0.05,0.0,0.38,0.16,0.17,fake
213,3.13,2.52,0.0,0.41,0.07,0.0,0.0,0.31,0.76,0.0,0.03,0.02,0.0,0.0,0.22,0.11,0.18,fake
214,3.44,2.85,0.0,0.7,0.0,0.0,0.0,0.34,0.57,0.0,0.0,0.04,0.0,0.0,0.01,0.16,0.07,fake
215,3.58,3.0,0.0,0.78,0.0,0.0,0.0,0.35,0.51,0.0,0.0,0.04,0.0,0.0,0.0,0.11,0.01,fake
216,3.57,3.0,0.0,0.85,0.0,0.0,0.0,0.36,0.52,0.0,0.06,0.03,0.0,0.0,0.3,0.34,0.0,fake
217,3.54,2.94,0.0,0.73,0.0,0.0,0.0,0.3,0.62,0.0,0.18,0.0,0.01,0.0,0.68,0.61,0.03,fake
218,3.45,2.88,0.0,0.66,0.0,0.0,0.0,0.26,0.73,0.0,0.3,0.0,0.02,0.0,1.08,1.02,0.03,fake
219,3.44,2.77,0.0,0.57,0.0,0.0,0.0,0.29,0.74,0.0,0.32,0.03,0.02,0.0,1.21,1.23,0.03,fake
220,3.49,2.86,0.0,0.78,0.0,0.0,0.0,0.28,0.54,0.0,0.33,0.2,0.01,0.0,1.26,1.59,0.0,fake
221,3.61,3.08,0.0,0.96,0.0,0.0,0.0,0.24,0.32,0.0,0.36,0.38,0.0,0.0,1.3,1.83,0.0,fake
222,3.66,3.29,0.0,1.08,0.0,0.0,0.0,0.19,0.17,0.0,0.43,0.54,0.0,0.0,1.28,1.95,0.0,fake
223,3.57,3.1,0.0,1.14,0.0,0.0,0.0,0.12,0.11,0.0,0.45,0.96,0.0,0.0,1.11,2.43,0.14,fake
224,3.38,2.79,0.01,1.2,0.0,0.0,0.0,0.1,0.05,0.0,0.46,1.31,0.0,0.0,0.96,3.05,0.14,fake
225,3.02,2.36,0.01,1.12,0.0,0.0,0.0,0.07,0.0,0.0,0.48,1.55,0.0,0.0,0.74,3.5,0.14,fake
226,2.71,2.17,0.04,0.87,0.0,0.0,0.0,0.13,0.0,0.0,0.47,1.43,0.0,0.0,0.69,3.4,0.01,fake
227,2.15,1.63,0.03,0.6,0.0,0.0,0.0,0.1,0.0,0.0,0.39,1.22,0.0,0.31,0.41,2.82,0.03,fake
228,1.58,0.99,0.03,0.36,0.0,0.0,0.0,0.06,0.0,0.01,0.23,1.15,0.0,0.62,0.21,2.53,0.03,fake
229,0.96,0.32,0.0,0.26,0.0,0.0,0.0,0.02,0.0,0.01,0.09,0.91,0.0,0.87,0.0,2.2,0.02,fake
230,0.68,0.07,0.0,0.19,0.0,0.0,0.0,0.02,0.0,0.01,0.01,0.83,0.0,0.8,0.0,2.28,0.0,fake
231,0.48,0.0,0.02,0.27,0.0,0.0,0.0,0.02,0.0,0.0,0.0,0.64,0.0,0.63,0.0,2.19,0.0,fake
232,0.28,0.0,0.11,0.15,0.0,0.0,0.0,0.0,0.0,0.0,0.0,0.56,0.05,0.47,0.0,1.91,0.0,fake
233,0.07,0.0,0.2,0.08,0.0,0.0,0.0,0.0,0.0,0.0,0.0,0.53,0.05,0.35,0.0,1.5,0.0,fake
234,0.0,0.0,0.28,0.0,0.0,0.0,0.0,0.0,0.0,0.0,0.0,0.57,0.05,0.42,0.0,1.17,0.0,fake
235,0.0,0.0,0.3,0.0,0.0,0.0,0.0,0.0,0.0,0.0,0.0,0.67,0.0,0.57,0.0,1.02,0.0,fake
236,0.0,0.0,0.29,0.0,0.0,0.0,0.0,0.0,0.0,0.0,0.0,0.69,0.0,0.72,0.0,0.99,0.0,fake
237,0.0,0.0,0.31,0.0,0.0,0.0,0.0,0.0,0.0,0.0,0.0,0.67,0.02,0.74,0.0,0.92,0.0,fake
238,0.0,0.0,0.29,0.0,0.0,0.0,0.0,0.0,0.0,0.0,0.0,0.58,0.11,0.71,0.0,0.9,0.0,fake
239,0.0,0.0,0.33,0.0,0.0,0.0,0.0,0.0,0.0,0.0,0.0,0.53,0.11,0.7,0.0,0.96,0.0,fake
240,0.0,0.0,0.38,0.0,0.0,0.09,0.0,0.0,0.06,0.12,0.0,0.37,0.21,0.52,0.0,1.02,0.33,fake
241,0.0,0.01,0.45,0.0,0.0,0.12,0.0,0.0,0.12,0.21,0.0,0.25,0.3,0.34,0.0,1.08,0.66,fake
242,0.02,0.01,0.44,0.19,0.0,0.12,0.0,0.0,0.27,0.33,0.02,0.08,0.61,0.09,0.05,1.07,1.21,fake
243,0.02,0.01,0.4,0.27,0.0,0.03,0.0,0.03,0.34,0.31,0.11,0.06,0.74,0.04,0.23,1.27,1.43,fake
244,0.02,0.0,0.32,0.27,0.0,0.0,0.0,0.12,0.4,0.22,0.18,0.06,0.65,0.0,0.47,1.54,1.54,fake
245,0.0,0.0,0.33,0.08,0.0,0.0,0.0,0.25,0.3,0.1,0.24,0.14,0.33,0.0,0.61,1.87,1.24,fake
246,0.0,0.0,0.37,0.0,0.0,0.0,0.0,0.34,0.25,0.0,0.21,0.22,0.07,0.0,0.62,2.04,0.96,fake
247,0.0,0.0,0.42,0.0,0.0,0.0,0.0,0.46,0.21,0.0,0.14,0.33,0.0,0.0,0.57,2.15,0.77,fake
248,0.0,0.0,0.47,0.0,0.0,0.0,0.0,0.43,0.24,0.0,0.07,0.31,0.01,0.0,0.4,2.13,0.74,fake
249,0.0,0.0,0.38,0.0,0.0,0.12,0.0,0.31,0.24,0.06,0.01,0.43,0.01,0.28,0.22,1.47,0.54,fake
250,0.0,0.0,0.3,0.0,0.0,0.26,0.0,0.12,0.27,0.17,0.01,0.53,0.01,0.5,0.03,0.72,0.33,fake
251,0.0,0.0,0.2,0.0,0.0,0.43,0.0,0.03,0.28,0.28,0.0,0.7,0.01,0.7,0.0,0.12,0.24,fake
252,0.0,0.0,0.17,0.0,0.0,0.41,0.0,0.03,0.3,0.34,0.0,0.75,0.01,0.66,0.0,0.08,0.19,fake
253,0.0,0.0,0.17,0.0,0.0,0.38,0.0,0.03,0.28,0.36,0.0,0.77,0.01,0.68,0.0,0.08,0.15,fake
254,0.0,0.0,0.17,0.0,0.0,0.33,0.0,0.02,0.3,0.37,0.0,0.84,0.0,0.71,0.0,0.0,0.03,fake
255,0.0,0.0,0.18,0.0,0.0,0.38,0.0,0.04,0.29,0.39,0.0,0.82,0.02,0.71,0.0,0.0,0.01,fake
256,0.0,0.0,0.14,0.0,0.0,0.41,0.0,0.03,0.27,0.45,0.0,0.81,0.03,0.72,0.0,0.0,0.01,fake
257,0.0,0.0,0.08,0.0,0.03,0.43,0.0,0.05,0.24,0.44,0.0,0.69,0.06,0.68,0.0,0.0,0.01,fake
258,0.0,0.0,0.04,0.0,0.06,0.45,0.0,0.07,0.22,0.36,0.0,0.65,0.09,0.64,0.0,0.0,0.0,fake
259,0.0,0.0,0.02,0.0,0.06,0.37,0.0,0.13,0.18,0.23,0.0,0.58,0.12,0.59,0.0,0.0,0.0,fake
260,0.0,0.0,0.0,0.0,0.03,0.31,0.0,0.2,0.15,0.19,0.0,0.63,0.1,0.56,0.0,0.0,0.0,fake
261,0.0,0.0,0.0,0.0,0.0,0.25,0.0,0.26,0.09,0.17,0.0,0.62,0.04,0.5,0.0,0.0,0.0,fake
262,0.0,0.0,0.0,0.0,0.0,0.19,0.0,0.29,0.1,0.13,0.0,0.57,0.01,0.41,0.0,0.0,0.0,fake
263,0.0,0.0,0.01,0.0,0.0,0.11,0.0,0.34,0.1,0.06,0.0,0.51,0.0,0.29,0.0,0.0,0.0,fake
264,0.0,0.0,0.01,0.0,0.0,0.0,0.0,0.38,0.12,0.01,0.0,0.47,0.0,0.22,0.0,0.0,0.0,fake
265,0.0,0.0,0.01,0.0,0.0,0.0,0.0,0.48,0.12,0.0,0.14,0.31,0.0,0.12,0.08,0.19,0.0,fake
266,0.0,0.0,0.0,0.0,0.0,0.05,0.0,0.58,0.12,0.0,0.26,0.15,0.0,0.06,0.15,0.39,0.0,fake
267,0.0,0.0,0.05,0.0,0.0,0.14,0.0,0.69,0.13,0.0,0.35,0.0,0.0,0.02,0.27,0.64,0.0,fake
268,0.0,0.0,0.12,0.0,0.0,0.26,0.0,0.8,0.14,0.0,0.37,0.03,0.0,0.02,0.4,0.81,0.0,fake
269,0.0,0.0,0.17,0.0,0.0,0.21,0.0,0.88,0.16,0.0,0.34,0.03,0.0,0.02,0.58,1.03,0.0,fake
270,0.0,0.0,0.18,0.0,0.0,0.13,0.0,0.95,0.16,0.0,0.32,0.05,0.0,0.0,0.67,1.18,0.0,fake
271,0.0,0.0,0.12,0.0,0.0,0.0,0.0,0.91,0.18,0.0,0.21,0.03,0.0,0.0,0.66,1.16,0.0,fake
272,0.0,0.0,0.11,0.0,0.0,0.01,0.0,0.92,0.21,0.0,0.21,0.03,0.0,0.0,0.65,1.09,0.0,fake
273,0.0,0.0,0.1,0.0,0.0,0.04,0.0,0.91,0.26,0.0,0.19,0.01,0.0,0.0,0.69,1.07,0.0,fake
274,0.0,0.0,0.1,0.0,0.0,0.04,0.0,0.8,0.23,0.0,0.15,0.0,0.0,0.11,0.48,1.09,0.0,fake
275,0.0,0.0,0.18,0.0,0.0,0.03,0.0,0.58,0.15,0.0,0.11,0.0,0.0,0.14,0.29,1.28,0.0,fake
276,0.0,0.0,0.22,0.0,0.0,0.02,0.0,0.37,0.08,0.0,0.08,0.0,0.0,0.16,0.1,1.43,0.0,fake
277,0.0,0.0,0.3,0.0,0.0,0.05,0.0,0.29,0.07,0.0,0.17,0.0,0.0,0.1,0.1,1.49,0.0,fake
278,0.0,0.0,0.26,0.0,0.0,0.1,0.0,0.31,0.14,0.0,0.12,0.0,0.06,0.12,0.05,1.19,0.0,fake
279,0.0,0.0,0.23,0.0,0.0,0.1,0.0,0.37,0.2,0.0,0.09,0.0,0.06,0.1,0.0,0.71,0.0,fake
280,0.0,0.0,0.21,0.0,0.0,0.11,0.0,0.48,0.28,0.0,0.0,0.0,0.06,0.05,0.0,0.3,0.01,fake
281,0.0,0.0,0.27,0.0,0.0,0.06,0.0,0.48,0.26,0.0,0.0,0.0,0.0,0.0,0.0,0.06,0.21,fake
282,0.25,0.0,0.26,0.27,0.0,0.04,0.0,0.31,0.21,0.0,0.0,0.05,0.0,0.0,0.0,0.02,0.74,fake
283,0.52,0.02,0.21,0.41,0.0,0.0,0.0,0.2,0.13,0.0,0.0,0.06,0.0,0.0,0.0,0.15,1.3,fake
284,0.52,0.02,0.17,0.46,0.0,0.0,0.0,0.17,0.06,0.0,0.0,0.2,0.0,0.0,0.0,0.46,1.48,fake
285,0.28,0.02,0.23,0.22,0.0,0.0,0.0,0.37,0.03,0.0,0.05,0.24,0.0,0.0,0.0,0.75,1.06,fake
286,0.01,0.0,0.31,0.08,0.0,0.0,0.0,0.52,0.02,0.0,0.09,0.33,0.0,0.0,0.0,0.91,0.59,fake
287,0.0,0.0,0.32,0.02,0.0,0.0,0.0,0.7,0.02,0.0,0.18,0.3,0.0,0.0,0.0,0.85,0.21,fake
288,0.0,0.0,0.33,0.0,0.0,0.0,0.0,0.77,0.0,0.0,0.22,0.34,0.0,0.0,0.02,0.83,0.11,fake
289,0.0,0.0,0.33,0.0,0.0,0.01,0.0,0.87,0.0,0.0,0.25,0.44,0.0,0.0,0.02,0.87,0.01,fake
290,0.0,0.0,0.26,0.0,0.0,0.01,0.0,0.85,0.0,0.0,0.16,0.47,0.0,0.0,0.01,0.78,0.01,fake
291,0.0,0.0,0.22,0.0,0.0,0.01,0.0,0.87,0.0,0.0,0.07,0.47,0.0,0.01,0.0,0.69,0.0,fake
292,0.0,0.0,0.16,0.0,0.0,0.0,0.0,0.8,0.01,0.0,0.0,0.43,0.0,0.01,0.0,0.48,0.0,fake
293,0.0,0.0,0.2,0.0,0.0,0.0,0.0,0.79,0.02,0.0,0.01,0.43,0.0,0.01,0.0,0.48,0.0,fake
294,0.0,0.0,0.21,0.0,0.0,0.0,0.0,0.77,0.04,0.0,0.03,0.4,0.0,0.0,0.0,0.31,0.0,fake
295,0.0,0.0,0.25,0.0,0.0,0.04,0.0,0.82,0.03,0.0,0.13,0.28,0.0,0.0,0.11,0.26,0.0,fake
296,0.0,0.0,0.26,0.0,0.0,0.07,0.0,0.89,0.04,0.0,0.21,0.15,0.0,0.0,0.25,0.22,0.0,fake
297,0.0,0.0,0.3,0.0,0.0,0.07,0.0,0.9,0.01,0.0,0.31,0.12,0.0,0.0,0.37,0.4,0.0,fake
298,0.0,0.0,0.29,0.0,0.0,0.1,0.0,0.81,0.01,0.0,0.29,0.3,0.0,0.01,0.26,0.66,0.0,fake
299,0.0,0.0,0.24,0.0,0.0,0.19,0.0,0.65,0.0,0.0,0.24,0.61,0.0,0.03,0.0,1.05,0.0,fake
